student_name,email,track
Student 1,student1@example.com,
Student 2,student2@example.com,
Student 3,student3@example.com,
Student 4,student4@example.com,
Student 5,student5@example.com,
Student 6,student6@example.com,
Student 7,student7@example.com,
Student 8,student8@example.com,
Student 9,student9@example.com,
Student 10,student10@example.com,
Student 11,student11@example.com,
Student 12,student12@example.com,
Student 13,student13@example.com,
Student 14,student14@example.com,
Student 15,student15@example.com,
Student 16,student16@example.com,
Student 17,student17@example.com,
Student 18,student18@example.com,
Student 19,student19@example.com,
Student 20,student20@example.com,
Student 21,student21@example.com,
Student 22,student22@example.com,
Student 23,student23@example.com,
Student 24,student24@example.com,
Student 25,student25@example.com,
Student 26,student26@example.com,
Student 27,student27@example.com,
Student 28,student28@example.com,
Student 29,student29@example.com,
Student 30,student30@example.com,
Student 31,student31@example.com,
Student 32,student32@example.com,
Student 33,student33@example.com,
Student 34,student34@example.com,
Student 35,student35@example.com,
Student 36,student36@example.com,
Student 37,student37@example.com,
Student 38,student38@example.com,
Student 39,student39@example.com,
Student 40,student40@example.com,
Student 41,student41@example.com,
Student 42,student42@example.com,
Student 43,student43@example.com,
Student 44,student44@example.com,
Student 45,student45@example.com,
Student 46,student46@example.com,
Student 47,student47@example.com,
Student 48,student48@example.com,
Student 49,student49@example.com,
Student 50,student50@example.com,
Student 51,student51@example.com,
Student 52,student52@example.com,
Student 53,student53@example.com,
Student 54,student54@example.com,
Student 55,student55@example.com,
Student 56,student56@example.com,
Student 57,student57@example.com,
Student 58,student58@example.com,
